"Variable / Field Name","Form Name","Section Header","Field Type","Field Label","Choices, Calculations, OR Slider Labels","Field Note","Text Validation Type OR Show Slider Number","Text Validation Min","Text Validation Max",Identifier?,"Branching Logic (Show field only if...)","Required Field?","Custom Alignment","Question Number (surveys only)","Matrix Group Name","Matrix Ranking?","Field Annotation"
form_id,landscape_analysis_facility_system,,text,"FORM ID",,,,,,,,,,,,,
intro_facility,landscape_analysis_facility_system,,descriptive,"We invite you to take part in this survey, which aims to assess the data collection systems - both electronic and paper-based - used for maternal vaccine safety surveillance. We are interested in the types of indicators collected, data quality, system usability, integration, governance, and privacy measures. Your input, as a representative from the Ministry of Health, a health programme, a facility, or a research institution, is key to understanding the current data landscape. The findings will help strengthen vaccine safety monitoring during pregnancy and support safer immunisation practices. All responses will be kept strictly confidential and used only for this assessment.",,,,,,,,,,,,,
sdate,landscape_analysis_facility_system,,text,"1.1 Start date and time",,,datetime_seconds_dmy,,,,,y,,,,,
country,landscape_analysis_facility_system,,radio,"1.2 Country","1, Ghana | 2, Kenya",,,,,,,y,,,,,
sname_ghana,landscape_analysis_facility_system,,radio,"1.2.1 Site Name","1, Dodowa Health Research Centre | 2, Kintampo Health Research Centre",,,,,,[country]='1',y,,,,,
sname_kenya,landscape_analysis_facility_system,,radio,"1.3. Site Name","1, KWTRP | 2, KEMRI-LSTM",,,,,,[country]='2',y,,,,,
datasys_g,landscape_analysis_facility_system,,radio,"1.4.1 The data system for this analysis","1, HDSS | 2, LHIMS | 3, Redcap(parallel system) | 4, AnTPost | 5, PDEL | 6, E-TRACKER | 7, DHIMS | 8, RSLOG | 9, Paper-Based Registry | 10, Other",,,,,,[country]='1',y,,,,,
datasysoth_g,landscape_analysis_facility_system,,text,"1.4.2. Please specify the other data system ",,,,,,,[datasys_g]='10',y,,,,,
datasys_k,landscape_analysis_facility_system,,radio,"1.5.1. The data system for this analysis","1, KILIFI HDSS | 2, KCH Paediatric Ward Surveillance | 3, KCH Maternity | 4, KCH Antenatal Clinic | 5, MIMBa pregnancy registry | 6, Paper-Based Registry | 7, Other",,,,,,[country]='2',y,,,,,
datasysoth_k,landscape_analysis_facility_system,,text,"1.5.2 Please specify the other data system ",,,,,,,[datasys_k]='7',y,,,,,
datasys_emr,landscape_analysis_facility_system,,text,"1.5.3 Aside from the Mimba Pregnancy Registry, what are other data systems",,,,,,,[datasys_k]='5',y,,,,,
hf_name,landscape_analysis_facility_system,,dropdown,"1.5.4 Health Facility Name","1, Homa Bay County Teaching and Referral Hospital | 2, GK Prison Dispensary | 3, Makongeni Health Centre | 4, Wiga Dispensary | 5, Nyalkinyi Health Centre | 6, Pala Masogo Health Centre | 7, Marindi Subcounty hospital | 8, Miniambo Dispensary | 9, Ogande Dispensary | 10, Ojunge Health Centre | 11, Orego Health Centre | 12, Koduogo Dispensary | 13, Nyamasi Dispensary | 14, Kijawa Dispensary | 15, Sena  Health Centre | 16, Ugina Health Centre | 17, Takawiri Dispensary | 18, Ringiti Dispensary | 19, Yokia Dispensary | 20, Wakula Health Centre | 21, Soklo Dispensary | 22, Remba Dispensary | 23, Nyakweri Dispensary | 24, St Lawrence | 25, St Paul | 26, Samarimed | 27, Mfangano medical centre | 28, Mbita sub county hospital | 29, Other specify | 30, Kamasengere Dispensary | 31, Kakrigu Health Centre | 32, Litare Community Health Centre | 33, Kolunga Dispensary | 34, Tom Mboya Memorial Sub-County Hospital | 35, Ng'odhe Island Dispensary | 36, Waware Dispensary | 37, Rusinga Island of Hope Humanist Health Centre | 38, Imbo Dispensary | 39, Otaro Dispensary | 40, Pedo Dispensary | 41, ACK Hope | 42, Mfangano Adventist | 43, Temo Dispensary",,,,,,"[country]='2' and [datasys_k]='5'",y,,,,,
hname,landscape_analysis_facility_system,,text,"1.6 Facility Name",,,,,,,"[datasys_g]='2' or [datasys_k]='2' or [datasys_k]='3' or [datasys_k]='4'",y,,,,,
mfl_code,landscape_analysis_facility_system,,text,"1.6.1 Institution or MFL Code",,,,,,,"[datasys_k]='2' or [datasys_k]='3' or [datasys_k]='4'",y,,,,,
hfcode,landscape_analysis_facility_system,,text,"1.6.1 Health Facility Code",,,,,,,[datasys_g]='2',y,,,,,
level,landscape_analysis_facility_system,,radio,"1.6.2 Level of the facility","1, Leve1 | 2, level 2 | 3, level 3 | 4, level 4 | 5, level 5",,,,,,"[datasys_k]='2' or [datasys_k]='3' or [datasys_k]='4'",y,,,,,
facility_type,landscape_analysis_facility_system,,radio,"1.7. Type of facility","1, Public facility | 2, Private facility | 3, Faith-based facility",,,,,,"[datasys_g]='2' or [datasys_k]='2' or [datasys_k]='3' or [datasys_k]='4'",y,,,,,
public_facility,landscape_analysis_facility_system,,radio,"1.7.1. Specify public facility","1, Primary Health Centre | 2, Community-Based Health Planning and Services (CHPS) Compound | 3, Hospital | 4, Clinic | 5, Other (specify):",,,,,,"[facility_type] = '1' and [country]='1'",y,,,,,
facility_oth,landscape_analysis_facility_system,,text,"1.7.1.1. Specify the Other ",,,,,,,"[public_facility] = '5'",y,,,,,
private,landscape_analysis_facility_system,,radio,"1.7.2. Specify the type of Private facility","1, Clinic | 2, Hospital | 3, Other (Specify)",,,,,,"[facility_type] = '2' and [country]='1'",y,,,,,
private_oth,landscape_analysis_facility_system,,text,"1.7.2.1. Specify the Other ",,,,,,,"[private] = 3",y,,,,,
county,landscape_analysis_facility_system,,radio,"1.8. County","1, Homabay county | 2, Kilifi county | 3, Kilifi County- AKU | 4, Nairobi county",,,,,,[country]='2',y,,,,,
region,landscape_analysis_facility_system,,dropdown,"1.8. Region","1, Ahafo | 2, Ashanti | 3, Bono | 4, Bono East | 5, Central | 6, Eastern | 7, Greater Accra | 8, North East | 9, Northern | 10, Oti | 11, Savannah | 12, Upper East | 13, Upper West | 14, Western | 15, Western North | 16, Volta",,,,,,[country]='1',y,,,,,
scale,landscape_analysis_facility_system,,radio,"1.9. Geographic coverage of data system","1, National | 2, County | 3, Regional | 4, Sub-County | 5, District | 6, Other",,,,,,,y,,,,,
scale_oth,landscape_analysis_facility_system,,text,"1.9.1. Please specify the other geographic coverage of the data system",,,,,,,[scale]='6',y,,,,,
population,landscape_analysis_facility_system,,radio,"1.10. Population served ","1, Urban | 2, Rural | 3, Both Rural and Urban",,,,,,,y,,,,,
estimate,landscape_analysis_facility_system,,text,"1.11 Catchment population size (estimate)",,,number,,,,,y,,,,," @CHARLIMIT=6"
role,landscape_analysis_facility_system,,checkbox,"1.12 Role on system or Position in the facility","1, Health Records Officer | 2, Data clerk | 3, Facility Nurse | 4, Clinician | 5, System Administrator | 6, Community health nurse/promoter | 7, Facility In-Charge | 8, Midwife | 9, Data Manager | 10, IT Officer | 11, Other",,,,,,,y,,,,,
ohtsp,landscape_analysis_facility_system,,text,"1.12.1. Specify other role or position in the facility",,,,,,,"[role(11)] = '1'",y,,,,,
length,landscape_analysis_facility_system,,radio,"1.13. Length of experience with the system","1, 0-3 months | 2, 3 month to a year | 3, >1 year",,,,,,,y,,,,,
database,landscape_analysis_facility_system,"<div class=""rich-text-field-label""><p style=""text-align: center;""><span style=""color: #e03e2d; font-size: 24pt;"">Specifications of the current systems</span></p> <p style=""text-align: center;""><br><span style=""color: #3598db; font-size: 18pt;"">MNCH data collection systems</span></p></div>",radio,"2.1. Is there a database or an archive or registry with patient/participant/resident data for research purposes?","1, Yes | 2, No",,,,,,,y,,,,,
year,landscape_analysis_facility_system,,text,"2.2. From which years is the data available in the database/archive/registry?",,,number,,2025,,"[database] = '1'",y,,,,," @CHARLIMIT=4"
capture_anc,landscape_analysis_facility_system,"2.3. Indicate the point of data capture (select ""Yes"" for all that apply and ""No"" if otherwise)",radio,"2.3.1. ANC","1, Yes | 2, No",,,,,,"[database] = '1'",y,,,data_capture,,
maternity,landscape_analysis_facility_system,,radio,"2.3.2. Maternity","1, Yes | 2, No",,,,,,"[database] = '1'",y,,,data_capture,,
paediatric,landscape_analysis_facility_system,,radio,"2.3.4. Paediatric","1, Yes | 2, No",,,,,,"[database] = '1'",y,,,data_capture,,
community,landscape_analysis_facility_system,,radio,"2.3.5. Community","1, Yes | 2, No",,,,,,"[database] = '1'",y,,,data_capture,,
outp,landscape_analysis_facility_system,,radio,"2.3.6. Outpatient","1, Yes | 2, No",,,,,,,y,,,data_capture,,
inp,landscape_analysis_facility_system,,radio,"2.3.8. Inpatient admission","1, Yes | 2, No",,,,,,,y,,,data_capture,,
other_point,landscape_analysis_facility_system,,radio,"2.3.10. Other","1, Yes | 2, No",,,,,,"[database] = '1'",y,,,data_capture,,
point_data_capture_oth,landscape_analysis_facility_system,,notes,"2.3.10.1. Please specify the Other ( Point of data capture)",,,,,,,"[other_point] = 1",y,,,,,
clincare,landscape_analysis_facility_system,"2.4. Indicate the reason for the data collection (select ""Yes"" for all that apply and ""No"" if otherwise)",radio,"2.4.1. Clinical Care","1, Yes | 2, No",,,,,,[database]='1',y,,,data_system_purpose,,
research,landscape_analysis_facility_system,,radio,"2.4.2. Research","1, Yes | 2, No",,,,,,[database]='1',y,,,data_system_purpose,,
dss,landscape_analysis_facility_system,,radio,"2.4.3. Surveilllance","1, Yes | 2, No",,,,,,[database]='1',y,,,data_system_purpose,,
dsoth,landscape_analysis_facility_system,,radio,"2.4.4. Other","1, Yes | 2, No",,,,,,[database]='1',y,,,data_system_purpose,,
dsoth_oth,landscape_analysis_facility_system,,text,"2.4.4.1. Specify other purpose of the data system",,,,,,,[dsoth]='1',y,,,,,
paper,landscape_analysis_facility_system,"2.5. Mode of data entry (select ""Yes"" for all that apply and ""No"" if otherwise)",radio,"2.5.1. Paper","1, Yes | 2, No",,,,,,"[database] = '1'",y,,,data_entry,,
digital,landscape_analysis_facility_system,,radio,"2.5.2. Digital","1, Yes | 2, No",,,,,,"[database] = '1'",y,,,data_entry,,
standform,landscape_analysis_facility_system,,radio,"2.6. Is the data captured in a standardized way (Eg. CRFs with predefined options)?","1, Yes | 2, No",,,,,,[database]='1',y,,,,,
struform,landscape_analysis_facility_system,,radio,"2.6.1. Are the standardized forms used consistently?","1, Yes | 2, No",,,,,,[standform]='1',y,,,,,
freetext,landscape_analysis_facility_system,,radio,"2.7. Is data captured as free text in any way?","1, Yes | 2, No",,,,,,[database]='1',y,,,,,
ftext,landscape_analysis_facility_system,,radio,"2.8. Do you use free text when forms run out?","1, Yes | 2, No",,,,,,[freetext]='1',y,,,,,
cended,landscape_analysis_facility_system,"2.9. How is the data captured? (select ""Yes"" for all that apply and ""No"" if otherwise)",radio,"2.9.1. Closed ended/Point and click","1, Yes | 2, No",,,,,,"[database] = '1'",y,,,capture,,
oended,landscape_analysis_facility_system,,radio,"2.9.2. Open ended/narratives","1, Yes | 2, No",,,,,,"[database] = '1'",y,,,capture,,
image,landscape_analysis_facility_system,,radio,"2.9.3. Image upload","1, Yes | 2, No",,,,,,"[database] = '1'",y,,,capture,,
audio,landscape_analysis_facility_system,,radio,"2.9.4. Audio upload","1, Yes | 2, No",,,,,,"[database] = '1'",y,,,capture,,
other_capture,landscape_analysis_facility_system,,radio,"2.9.5. Other","1, Yes | 2, No",,,,,,"[database] = '1'",y,,,capture,,
data_capture_oth,landscape_analysis_facility_system,,notes,"2.9.5.1. Please specify the Other",,,,,,,"[other_capture] = 1",y,,,,,
individual_data,landscape_analysis_facility_system,"2.10. Level of data disaggregation",radio,"2.10.1. Individual data","1, Yes | 2, No",,,,,,"[database] = '1'",y,,,level_data_disaggregation,,
aggregated_data,landscape_analysis_facility_system,,radio,"2.10.2. Aggregated data","1, Yes | 2, No",,,,,,"[database] = '1'",y,,,level_data_disaggregation,,
prospective,landscape_analysis_facility_system,"2.11. When is data captured into the system",radio,"2.11.1 Prospective","1, Yes | 2, No",,,,,,"[database] = '1'",y,,,method,,
retrospective,landscape_analysis_facility_system,,radio,"2.11.2. Retrospective","1, Yes | 2, No",,,,,,"[database] = '1'",y,,,method,,
rcapture,landscape_analysis_facility_system,,radio,"2.11.1.1. Routine of prospective data capture","1, Daily | 2, Once in awhile | 3, Weekly | 4, Monthly | 5, Every 3 months | 6, Every 6 months",,,,,,"[prospective] = 1",y,,,,,
rcapture_2,landscape_analysis_facility_system,,radio,"2.11.2.1. Routine of retrospective data capture","1, Daily | 2, Once in awhile | 3, Weekly | 4, Monthly | 5, Every 3 months | 6, Every 6 months",,,,,,"[retrospective] = 1",y,,,,,
dcap_comments,landscape_analysis_facility_system,,notes,"2.11.3. Comments",,,,,,,,,LH,,,,
icd10,landscape_analysis_facility_system,"2.12. Which data standardization/coding method is used by the facility and the system?
(select ""Yes"" for all that apply and ""No"" if otherwise)",radio,"2.12.1. ICD10","1, Yes | 2, No",,,,,,"[database] = '1'",y,,,icd,,
icd11,landscape_analysis_facility_system,,radio,"2.12.2. ICD11","1, Yes | 2, No",,,,,,"[database] = '1'",y,,,icd,,
meddra,landscape_analysis_facility_system,,radio,"2.12.3. MedDRA","1, Yes | 2, No",,,,,,"[database] = '1'",y,,,icd,,
other_standz,landscape_analysis_facility_system,,radio,"2.12.4. Other","1, Yes | 2, No",,,,,,"[database] = '1'",y,,,icd,,
standard_oth,landscape_analysis_facility_system,,text,"2.12.4.1. Please specify the Other",,,,,,,"[other_standz] = 1",y,,,,,
who_drug,landscape_analysis_facility_system,"2.13. Which data standardization/coding method is used by the facility and the system for drugs?
(select ""Yes"" for all that apply and ""No"" if otherwise)",radio,"2.13.1. WHO DRUG","1, Yes | 2, No",,,,,,,y,,,icd_2,,
rxnorm,landscape_analysis_facility_system,,radio,"2.13.2. RxNorm","1, Yes | 2, No",,,,,,,y,,,icd_2,,
atc,landscape_analysis_facility_system,,radio,"2.13.3. ATC","1, Yes | 2, No",,,,,,,y,,,icd_2,,
nat_formulary,landscape_analysis_facility_system,,radio,"2.13.4. National formulary","1, Yes | 2, No",,,,,,,y,,,icd_2,,
other_drug,landscape_analysis_facility_system,,radio,"2.13.5. Other","1, Yes | 2, No",,,,,,,y,,,icd_2,,
drug_oth,landscape_analysis_facility_system,,text,"2.13.5.1. Please specify the Other",,,,,,,"[other_drug] = 1",y,,,,,
name_requre,landscape_analysis_facility_system,"2.14. Which data standardization/coding method is used by the facility and the system for Pharmaceutical Standards?",radio,"2.14.1. Standardized name requirements","1, Yes | 2, No",,,,,,"[database] = '1'",y,,,coding_pharm,,
procedures,landscape_analysis_facility_system,,radio,"2.14.2. New drug handling procedures","1, Yes | 2, No",,,,,,"[database] = '1'",y,,,coding_pharm,,
drug_info,landscape_analysis_facility_system,,radio,"2.14.3. Minimum drug information requirements","1, Yes | 2, No",,,,,,"[database] = '1'",y,,,coding_pharm,,
other_code,landscape_analysis_facility_system,,radio,"2.14.4. Other","1, Yes | 2, No",,,,,,"[database] = '1'",y,,,coding_pharm,,
coding_oth,landscape_analysis_facility_system,,text,"2.14.4.1. Please specify the Other ",,,,,,,"[other_code] = 1",,,,,,
newborns1,landscape_analysis_facility_system,"2.15. What is the follow-up period for newborns?",radio,"2.15.1. Routine follow-up of newborns for 6 months pospartum","1, Yes | 2, No",,,,,,"[database] = '1'",y,,,newborns,,
newborns2,landscape_analysis_facility_system,,radio,"2.15.2. Newborn's individual information is not routinely collected after delivery","1, Yes | 2, No",,,,,,"[database] = '1'",y,,,newborns,,
newborns3,landscape_analysis_facility_system,,radio,"2.15.3. Routine follow-up of newborns for 6 months postpartum. (Children followed up on regular rounds every six months)","1, Yes | 2, No",,,,,,"[database] = '1'",y,,,newborns,,
newborns4,landscape_analysis_facility_system,,radio,"2.15.4. Routine follow-up newborns for 3 months postpartum. (Children followed up on regular rounds every 3 months)","1, Yes | 2, No",,,,,,"[database] = '1'",y,,,newborns,,
newborns5,landscape_analysis_facility_system,,radio,"2.15.5. Routine follow-up of newborns for 12 months pospartum","1, Yes | 2, No",,,,,,"[database] = '1'",y,,,newborns,,
newborns6,landscape_analysis_facility_system,,radio,"2.15.6. Routine follow-up up to 24 months for neurodevelopment assessments","1, Yes | 2, No",,,,,,"[database] = '1'",y,,,newborns,,
newborn7,landscape_analysis_facility_system,,radio,"2.15.7. Other","1, Yes | 2, No",,,,,,,y,,,newborns,,
refer_yes_no,landscape_analysis_facility_system,,radio,"2.16. Does the system capture patient referral data at discharge?","1, Yes | 2, No",,,,,,,y,,,,,
refe_destin,landscape_analysis_facility_system,,radio,"2.16.1. If Yes, does it indicate the patient destination? i.e. to home, to another facility private or public?","1, Yes | 2, No",,,,,,"[refer_yes_no] = '1'",y,,,,,
maternal,landscape_analysis_facility_system,"<div class=""rich-text-field-label""><p style=""text-align: center;""><span style=""color: #e03e2d; font-size: 24pt;"">Data Sources</span></p></div>",radio,"3.1. Does the system capture maternal child health indicators?","1, Yes | 2, No",,,,,,,y,,,,,
mdemo,landscape_analysis_facility_system,"3.2. Does it capture data in the following categories?",radio,"3.2.1. Maternal Demographics","1, Yes | 2, No",,,,,,[maternal]='1',y,,,mhealth_category,,
medhis,landscape_analysis_facility_system,,radio,"3.2.2. Maternal Medical/Obstetric history","1, Yes | 2, No",,,,,,[maternal]='1',y,,,mhealth_category,,
curpreg,landscape_analysis_facility_system,,radio,"3.2.3. Current Pregnancy","1, Yes | 2, No",,,,,,[maternal]='1',y,,,mhealth_category,,
mavacd,landscape_analysis_facility_system,,radio,"3.2.4. Maternal Vaccination Data","1, Yes | 2, No",,,,,,[maternal]='1',y,,,mhealth_category,,
mout,landscape_analysis_facility_system,,radio,"3.2.5. Maternal Outcomes","1, Yes | 2, No",,,,,,[maternal]='1',y,,,mhealth_category,,
neoout,landscape_analysis_facility_system,,radio,"3.2.6. Neonatal Outcomes","1, Yes | 2, No",,,,,,[maternal]='1',y,,,mhealth_category,,
aefirvac,landscape_analysis_facility_system,,radio,"3.2.7. AEFI related to vaccination to adults","1, Yes | 2, No",,,,,,[maternal]='1',y,,,mhealth_category,,
fupdel,landscape_analysis_facility_system,,radio,"3.2.9. Post natal follow-up after delivery for pregnant women and newborn","1, Yes | 2, No",,,,,,[maternal]='1',y,,,mhealth_category,,
aefi_child,landscape_analysis_facility_system,,radio,"3.2.10. AEFI related to vaccination to newborns or children","1, Yes | 2, No",,,,,,[maternal]='1',y,,,mhealth_category,,
useful,landscape_analysis_facility_system,"<div class=""rich-text-field-label""><div class=""rich-text-field-label""><p style=""text-align: center;""><span style=""font-size: 24pt; color: #e03e2d;"">User Satisfaction</span></p></div></div>


4. On a scale of 1 to 5, where 1 is the lowest and 5 is the highest, how would you rate the following aspects of using the electronic system?
1 - Very poor 
2 - Poor 
3 - Fair
4 - Good
5 -  Excellent",radio,"4.1. Usefulness (in terms of functions and features)","1, 1 | 2, 2 | 3, 3 | 4, 4 | 5, 5",,,,,,,y,,,user_satisfaction,,
easeuse,landscape_analysis_facility_system,,radio,"4.2. Ease of use (in terms of navigation and learning)","1, 1 | 2, 2 | 3, 3 | 4, 4 | 5, 5",,,,,,,y,,,user_satisfaction,,
reliab,landscape_analysis_facility_system,,radio,"4.3. Reliability (in terms of availability)","1, 1 | 2, 2 | 3, 3 | 4, 4 | 5, 5",,,,,,,y,,,user_satisfaction,,
challenges,landscape_analysis_facility_system,"4.4. Challenges Faced by Users",radio,"4.4.1. Data entry challenges","1, Yes | 2, No",,,,,,,y,,,mg_57d3ff,,
running,landscape_analysis_facility_system,,radio,"4.4.2. Running out of paper-based data entry materials","1, Yes | 2, No",,,,,,,y,,,mg_57d3ff,,
systemdown,landscape_analysis_facility_system,,radio,"4.4.3. System downtime","1, Yes | 2, No",,,,,,,y,,,mg_57d3ff,,
training,landscape_analysis_facility_system,,radio,"4.4. 4. Lack of training","1, Yes | 2, No",,,,,,,y,,,mg_57d3ff,,
navigating,landscape_analysis_facility_system,,radio,"4.4.5. Difficulty in navigating the system","1, Yes | 2, No",,,,,,,y,,,mg_57d3ff,,
other,landscape_analysis_facility_system,,radio,"4.4.6. Other","1, Yes | 2, No",,,,,,,y,,,mg_57d3ff,,
other_challenge,landscape_analysis_facility_system,,text,"4.4.6.1. Please specify the other challenge(s).",,,,,,,[other]=1,y,,,,,
comm,landscape_analysis_facility_system,,notes,"5. Comments (This is to provide the needed clarification on any field during this data collection)",,,,,,,,,LH,,,,
dec,landscape_analysis_facility_system,,text,"6. Data collected by ",,,,,,,,y,LH,,,,
dcomp,landscape_analysis_facility_system,,text,"7 . Date and time of form completion",,,datetime_seconds_dmy,,,,,y,,,,,
dec_2,landscape_analysis_facility_system,,text,"8. Data reviewed by ",,,,,,,,y,LH,,,,
dchecek,landscape_analysis_facility_system,,text,"9. Date and time of form review",,,datetime_seconds_dmy,,,,,y,,,,,
intro_core,core_catalogue_indicators_minimal_dataset,,descriptive,"This section focuses on the core indicators used to monitor maternal vaccine safety and the performance of immunization services. These indicators include key maternal and neonatal outcomes such as adverse events following immunization (AEFIs) during pregnancy-spontaneous abortions, preterm births, congenital anomalies-as well as vaccine coverage rates among pregnant women. Additionally, they assess the impact of maternal vaccination on newborn outcomes such as low birth weight and neonatal mortality.",,,,,,,,,,,,,
sdate_2,core_catalogue_indicators_minimal_dataset,,text,"Start date and time",,,datetime_seconds_dmy,,,,,y,,,,,
role_2,core_catalogue_indicators_minimal_dataset,,checkbox,"Role on system or Position in the facility","1, Health Records Officer | 2, Data clerk | 3, Facility Nurse | 4, Clinician | 5, System Administrator | 6, Community health nurse/promoter | 7, Facility In-Charge | 8, Midwife | 9, Data Manager | 10, IT Officer | 11, Other",,,,,,,y,,,,,
ohtsp_2,core_catalogue_indicators_minimal_dataset,,text," Specify other role or position in the facility",,,,,,,"[role_2(11)] = '1'",y,,,,,
length_2,core_catalogue_indicators_minimal_dataset,,radio,"Length of experience with the system","1, 0-3 months | 2, 3 month to a year | 3, >1 year",,,,,,,y,,,,,
hiv,core_catalogue_indicators_minimal_dataset,"                                                                      <p style=""color: #E80F2E; text-align: center;"">Section 1: Maternal Risk Factors & Screening</p>
1.1 Does the system capture information on these lab tests and results for a pregnant woman? ",radio,"1.1.1. HIV","1, Yes | 2, No",,,,,,,y,,,pregnancy_tests,,
hepb,core_catalogue_indicators_minimal_dataset,,radio,"1.1.2. Hepatitis B","1, Yes | 2, No",,,,,,,y,,,pregnancy_tests,,
hepc,core_catalogue_indicators_minimal_dataset,,radio,"1.1.3. Hepatitis C","1, Yes | 2, No",,,,,,,y,,,pregnancy_tests,,
syphilis,core_catalogue_indicators_minimal_dataset,,radio,"1.1.4. Syphilis","1, Yes | 2, No",,,,,,,y,,,pregnancy_tests,,
anc,core_catalogue_indicators_minimal_dataset,,radio,"1.2. Does this system have a link to this facility's antenatal care clinic?","1, Yes | 2, No",,,,,,,y,,,,,
sys_dob,core_catalogue_indicators_minimal_dataset,,radio,"1.3. Does the system capture the date of birth of a pregnant woman? ","1, Yes | 2, No",,,,,,,y,,,,,
sys_age,core_catalogue_indicators_minimal_dataset,,radio,"1.3.1. Does the system capture the age of a pregnant woman? ","1, Yes | 2, No",,,,,,[sys_dob]='2',y,,,,,
gest,core_catalogue_indicators_minimal_dataset,,radio,"1.4.  Does the system record the gestational age of a pregnant woman at the time of clinical appointment?","1, Yes | 2, No",,,,,,,y,,,,,
lmp,core_catalogue_indicators_minimal_dataset," Indicate any of these gestation age assessment methods captured by the system.",radio,"1.4.1 Last menstrual period (Certain LMP)","1, Yes | 2, No",,,,,,[gest]='1',y,,,gestational_assessment,,
hcon,core_catalogue_indicators_minimal_dataset,,radio,"1.4.2 Hormonal Contraception specifically Interuterine Insermination (IUI) or embryo transfer date","1, Yes | 2, No",,,,,,[gest]='1',y,,,gestational_assessment,,
usscan,core_catalogue_indicators_minimal_dataset,,radio,"1.4.3. Confirmatory Ultrasound scan done in first/second trimester","1, Yes | 2, No",,,,,,[gest]='1',y,,,gestational_assessment,,
fhmt,core_catalogue_indicators_minimal_dataset,,radio,"1.4.4. Fundal height measurement","1, Yes | 2, No",,,,,,[gest]='1',y,,,gestational_assessment,,
delmode,core_catalogue_indicators_minimal_dataset,,radio,"1.5. Does the system capture the mode of delivery?","1, Yes | 2, No",,,,,,,y,,,,,
sponta_delmode,core_catalogue_indicators_minimal_dataset,"1.6. Indicate the options available on the system",radio,"1.6.1.. Spontaneous Vaginal Delivery","1, Yes | 2, No",,,,,,[delmode]='1',y,,,delmodeop,,
induced_delmode,core_catalogue_indicators_minimal_dataset,,radio,"1.6.2. Induced Vaginal Delivery","1, Yes | 2, No",,,,,,[delmode]='1',y,,,delmodeop,,
cs_delmode,core_catalogue_indicators_minimal_dataset,,radio,"1.6.3. Caesarean Section","1, Yes | 2, No",,,,,,[delmode]='1',y,,,delmodeop,,
other_delmode,core_catalogue_indicators_minimal_dataset,,radio,"1.6.4. Other","1, Yes | 2, No",,,,,,[delmode]='1',y,,,delmodeop,,
delmode_oth,core_catalogue_indicators_minimal_dataset,,notes,"1.6.4.1. Please specify the other mode of delivery ",,,,,,,[other_delmode]='1',y,,,,,
skillperson,core_catalogue_indicators_minimal_dataset,,radio,"1.7. Does the system record the birth attendant(s) for deliveries?","1, Yes | 2, No",,,,,,,y,,,,,
skillatt,core_catalogue_indicators_minimal_dataset,,radio,"1.7.1. Is there information on whether the attendant is skilled or not? (e.g. Doctor, nurse, midwife etc)","1, Yes | 2, No",,,,,,[skillperson]='1',y,,,,,
chrcondition,core_catalogue_indicators_minimal_dataset,,radio,"1.8. Is information recorded for women with pre-pregnancy chronic conditions, complications, and risk factors from previous pregnancies? ","1, Yes | 2, No",,,,,,,y,,,,,
hypert,core_catalogue_indicators_minimal_dataset,"Specify the conditions",radio,"1.8.1. Hypertension","1, Yes | 2, No",,,,,,[chrcondition]='1',y,,,chronic_conditions,,
glycos,core_catalogue_indicators_minimal_dataset,,radio,"1.8.2. Glycosuria","1, Yes | 2, No",,,,,,[chrcondition]='1',y,,,chronic_conditions,,
anaemia,core_catalogue_indicators_minimal_dataset,,radio,"1.8.3. Anaemia","1, Yes | 2, No",,,,,,[chrcondition]='1',y,,,chronic_conditions,,
uti,core_catalogue_indicators_minimal_dataset,,radio,"1.8.4. Urinary tract infection","1, Yes | 2, No",,,,,,[chrcondition]='1',y,,,chronic_conditions,,
plaprav,core_catalogue_indicators_minimal_dataset,,radio,"1.8.5. Placenta Praevia","1, Yes | 2, No",,,,,,[chrcondition]='1',y,,,chronic_conditions,,
pcs,core_catalogue_indicators_minimal_dataset,,radio,"1.8.6. Previous Caesarean Section","1, Yes | 2, No",,,,,,[chrcondition]='1',y,,,chronic_conditions,,
mgest,core_catalogue_indicators_minimal_dataset,,radio,"1.8.7. Multiple gestation","1, Yes | 2, No",,,,,,[chrcondition]='1',y,,,chronic_conditions,,
ablie,core_catalogue_indicators_minimal_dataset,,radio,"1.8.8. Abnormal lie","1, Yes | 2, No",,,,,,[chrcondition]='1',y,,,chronic_conditions,,
hosps,core_catalogue_indicators_minimal_dataset,,radio,"1.8.9. Hospitalizations","1, Yes | 2, No",,,,,,[chrcondition]='1',y,,,chronic_conditions,,
other_chrcond,core_catalogue_indicators_minimal_dataset,,radio,"1.8.10. Other","1, Yes | 2, No",,,,,,[chrcondition]='1',y,,,chronic_conditions,,
cond_oth,core_catalogue_indicators_minimal_dataset,,notes,"1.8.10.1. Specify the Other (Conditions)",,,,,,,"[other_chrcond] = '1'",y,,,,,
risk_factors,core_catalogue_indicators_minimal_dataset,,radio,"1.9. Is there information on antenatal risk factors with the current pregnancy?","1, Yes | 2, No",,,,,,,y,,,,,
hypert_2,core_catalogue_indicators_minimal_dataset,"Specify the risk factors  ",radio,"1.9.1. Hypertension","1, Yes | 2, No",,,,,,[risk_factors]='1',y,,,risk_factors,,
protein,core_catalogue_indicators_minimal_dataset,,radio,"1.9.2. Proteinuria","1, Yes | 2, No",,,,,,[risk_factors]='1',y,,,risk_factors,,
glycos_2,core_catalogue_indicators_minimal_dataset,,radio,"1.9.3. Glycosuria","1, Yes | 2, No",,,,,,[risk_factors]='1',y,,,risk_factors,,
anaemia_2,core_catalogue_indicators_minimal_dataset,,radio,"1.9.4. Anaemia","1, Yes | 2, No",,,,,,[risk_factors]='1',y,,,risk_factors,,
uti_2,core_catalogue_indicators_minimal_dataset,,radio,"1.9.5. Urinary tract infection","1, Yes | 2, No",,,,,,[risk_factors]='1',y,,,risk_factors,,
plaprav_2,core_catalogue_indicators_minimal_dataset,,radio,"1.9.6. Placenta Praevia","1, Yes | 2, No",,,,,,[risk_factors]='1',y,,,risk_factors,,
pmaldel,core_catalogue_indicators_minimal_dataset,,radio,"1.9.7. Placental malaria at delivery","1, Yes | 2, No",,,,,,[risk_factors]='1',y,,,risk_factors,,
maldel,core_catalogue_indicators_minimal_dataset,,radio,"1.9.8. Malaria infection at delivery","1, Yes | 2, No",,,,,,[risk_factors]='1',y,,,risk_factors,,
hosps_2,core_catalogue_indicators_minimal_dataset,,radio,"1.9.9. Hospitalizations","1, Yes | 2, No",,,,,,[risk_factors]='1',y,,,risk_factors,,
other_risk,core_catalogue_indicators_minimal_dataset,,radio,"1.9.10. Other","1, Yes | 2, No",,,,,,[risk_factors]='1',y,,,risk_factors,,
risk_oth,core_catalogue_indicators_minimal_dataset,,notes,"1.9.10.1. Specify the Other (Risk)",,,,,,,"[other_risk] = '1'",y,,,,,
labor,core_catalogue_indicators_minimal_dataset,,radio,"1.10. Information on pregnant women who experienced pre-term labor?","1, Yes | 2, No",,,,,,,y,,,,,
rupture_membrane,core_catalogue_indicators_minimal_dataset,,radio,"1.11. Does the system capture information on preterm rupture of membranes in pregnant women* < 37 weeks of gestation?","1, Yes | 2, No",,,,,,,y,,,,,
antepartum,core_catalogue_indicators_minimal_dataset,,radio,"1.12. Does the system capture information on antepartum rate of hemorrhage (if a woman experiences greater than 500 mL estimated blood loss from or into the genital tract from 24 weeks of pregnancy until delivery)?","1, Yes | 2, No",,,,,,,y,,,,,
postpartum,core_catalogue_indicators_minimal_dataset,,radio,"1.13. Does the system capture information on postpartum rate of hemorrhage (if a woman experiences greater than 500 mL estimated blood loss from or into the genital tract within 24 hours after birth)?","1, Yes | 2, No",,,,,,,y,,,,,
liver,core_catalogue_indicators_minimal_dataset,,radio,"1.14.  Does the system record data on liver disease diagnosis?","1, Yes | 2, No",,,,,,,y,,,,,
isoimmunization,core_catalogue_indicators_minimal_dataset,,radio,"1.15. Does the system record information on Rh isoimmunization (If a pregnant woman has Rh-negative blood while her fetus has Rh-positive blood)?","1, Yes | 2, No",,,,,,,y,,,,,
alcohol,core_catalogue_indicators_minimal_dataset,"1.16. Does the system record pregnant women engaging in the following substance use",radio,"1.16.1. Alcohol","1, Yes | 2, No",,,,,,,y,,,substance,,
tobacca,core_catalogue_indicators_minimal_dataset,,radio,"1.16.2. Tobacco","1, Yes | 2, No",,,,,,,y,,,substance,,
cannabis,core_catalogue_indicators_minimal_dataset,,radio,"1.16.3. Cannabis","1, Yes | 2, No",,,,,,,y,,,substance,,
cocaine,core_catalogue_indicators_minimal_dataset,,radio,"1.16.4. Cocaine","1, Yes | 2, No",,,,,,,y,,,substance,,
heroine,core_catalogue_indicators_minimal_dataset,,radio,"1.16.5. Heroine","1, Yes | 2, No",,,,,,,y,,,substance,,
methamph,core_catalogue_indicators_minimal_dataset,,radio,"1.16.6. Methamphetamine","1, Yes | 2, No",,,,,,,y,,,substance,,
opiate,core_catalogue_indicators_minimal_dataset,,radio,"1.16.7.  Opiate / opioid","1, Yes | 2, No",,,,,,,y,,,substance,,
over_the_counter,core_catalogue_indicators_minimal_dataset,,radio,"1.16.8. Misuse of Prescription or over-the-counter drug use","1, Yes | 2, No",,,,,,,y,,,substance,,
other_subst,core_catalogue_indicators_minimal_dataset,,radio,"1.16.9. Other","1, Yes | 2, No",,,,,,,y,,,substance,,
substance_oth,core_catalogue_indicators_minimal_dataset,,notes,"1.16.9.1. Specify the Other (Substance)",,,,,,,"[other_subst] = '1'",y,,,,,
comment1,core_catalogue_indicators_minimal_dataset,,notes,"1.17. Indicate from the section above the question(s) where both paper and digital were used in data collection",,,,,,,"[paper] = 1 and [digital] = 1",,LH,,,,
tetanus,core_catalogue_indicators_minimal_dataset,"<div class=""rich-text-field-label""><p style=""text-align: center;""><span style=""color: #e80f2e;"">Â Maternal and Newborn Drug and Vaccination Exposure</span></p></div>",radio,"2.1. Does the system capture tetanus vaccination in pregnancy? (i.e., DTP, DT, TT, Td)","1, Yes | 2, No",,,,,,,y,,,,,
bcg,core_catalogue_indicators_minimal_dataset,"2.2. Does the system record the following vaccination at birth?",radio,"2.2.1. BCG","1, Yes | 2, No",,,,,,,y,,,vaccination,,
birth_hepb,core_catalogue_indicators_minimal_dataset,,radio,"2.2.2.  Hepatitis B","1, Yes | 2, No",,,,,,,y,,,vaccination,,
preg_treatment,core_catalogue_indicators_minimal_dataset,"<div class=""rich-text-field-label""><p style=""text-align: center;""><span style=""color: #e03e2d;""><span style=""font-size: 12pt;"">Treatment </span><span style=""font-size: 12pt;"">in Pregnancy</span></span></p></div>",radio,"2.3. Does the system capture treatment a woman received during pregnancy?","1, Yes | 2, No",,,,,,,y,,,,,
anti_helminthics,core_catalogue_indicators_minimal_dataset," Does the system capture the following ",radio,"2.3.1.  Anti-helminthics treatment at least once during pregnancy","1, Yes | 2, No",,,,,,"[preg_treatment] = '1'",y,,,maternal_newborn,,
anti_epileptic,core_catalogue_indicators_minimal_dataset,,radio,"2.3.2.  Anti-epileptic treatment during pregnancy","1, Yes | 2, No",,,,,,"[preg_treatment] = '1'",y,,,maternal_newborn,,
co_trimoxazole,core_catalogue_indicators_minimal_dataset,,radio,"2.3.3. Co-trimoxazole prophylaxis use","1, Yes | 2, No",,,,,,"[preg_treatment] = '1'",y,,,maternal_newborn,,
treat_iso,core_catalogue_indicators_minimal_dataset,,radio,"2.3.4 Isoniazid prophylaxis use","1, Yes | 2, No",,,,,,"[preg_treatment] = '1'",y,,,maternal_newborn,,
syphil,core_catalogue_indicators_minimal_dataset,,radio,"2.3.5. Syphillis treatment","1, Yes | 2, No",,,,,,"[preg_treatment] = '1'",y,,,maternal_newborn,,
tuberculosis,core_catalogue_indicators_minimal_dataset,,radio,"2.3.6. Tuberculosis treatment","1, Yes | 2, No",,,,,,"[preg_treatment] = '1'",y,,,maternal_newborn,,
antibiotics,core_catalogue_indicators_minimal_dataset,,radio,"2.3.7. Antibiotics during pregnancy","1, Yes | 2, No",,,,,,"[preg_treatment] = '1'",y,,,maternal_newborn,,
facid,core_catalogue_indicators_minimal_dataset,,radio,"2.3.8. Folic acid supplementation during pregnancy","1, Yes | 2, No",,,,,,"[preg_treatment] = '1'",y,,,maternal_newborn,,
iron,core_catalogue_indicators_minimal_dataset,,radio,"2.3.9. Iron tablets or syrup during pregnancy","1, Yes | 2, No",,,,,,"[preg_treatment] = '1'",y,,,maternal_newborn,,
iptp_d1,core_catalogue_indicators_minimal_dataset,,radio,"2.3.10  IPTp doses","1, Yes | 2, No",,,,,,"[preg_treatment] = '1'",y,,,maternal_newborn,,
anti_mal1,core_catalogue_indicators_minimal_dataset,,radio,"2.3.11.  Antimalarials for active infection during pregnancy","1, Yes | 2, No",,,,,,"[preg_treatment] = '1'",y,,,maternal_newborn,,
other_treat,core_catalogue_indicators_minimal_dataset,,radio,"2.3.12. Other","1, Yes | 2, No",,,,,,"[preg_treatment] = '1'",y,,,maternal_newborn,,
treat_oth,core_catalogue_indicators_minimal_dataset,,notes,"2.3.12.1. Please specify the Other",,,,,,,"[other_treat] = 1",y,,,,,
arv_newborns,core_catalogue_indicators_minimal_dataset,,radio,"2.4. Does the system capture information on ARV drug prophylaxis among newborns?","1, Yes | 2, No",,,,,,,y,,,,,
dname,core_catalogue_indicators_minimal_dataset,"2.5. Does the system capture the following details of the drug/vaccine above for the mother and newborn? ",radio,"2.5.1. Name and type of product (vaccine, drug etc)","1, Yes | 2, No",,,,,,"[anti_helminthics]='1' or [anti_epileptic]='1' or [co_trimoxazole]='1' or [treat_iso]='1' or [syphil]='1' or [tuberculosis]='1' or [antibiotics]='1' or [facid]='1' or [iron]='1'",y,,,drug_details,,
d_ind,core_catalogue_indicators_minimal_dataset,,radio,"2.5.2.  Indication for drug use (e.g., malaria prevention, TB treatment)","1, Yes | 2, No",,,,,,"[anti_helminthics]='1' or [anti_epileptic]='1' or [co_trimoxazole]='1' or [treat_iso]='1' or [syphil]='1' or [tuberculosis]='1' or [antibiotics]='1' or [facid]='1' or [iron]='1'",y,,,drug_details,,
d_gesage,core_catalogue_indicators_minimal_dataset,,radio,"2.5.3. Gestational age during administration","1, Yes | 2, No",,,,,,"[anti_helminthics]='1' or [anti_epileptic]='1' or [co_trimoxazole]='1' or [treat_iso]='1' or [syphil]='1' or [tuberculosis]='1' or [antibiotics]='1' or [facid]='1' or [iron]='1'",y,,,drug_details,,
d_tdates,core_catalogue_indicators_minimal_dataset,,radio,"2.5.4. Treatment start and stop dates","1, Yes | 2, No",,,,,,"[anti_helminthics]='1' or [anti_epileptic]='1' or [co_trimoxazole]='1' or [treat_iso]='1' or [syphil]='1' or [tuberculosis]='1' or [antibiotics]='1' or [facid]='1' or [iron]='1'",y,,,drug_details,,
d_sdrug,core_catalogue_indicators_minimal_dataset,,radio,"2.5.5. Specific drug interventions administered to newborns (e.g. ARVs, antimalarials, antibiotics etc)","1, Yes | 2, No",,,,,,[arv_newborns]='1',y,,,drug_details,,
dodet,core_catalogue_indicators_minimal_dataset,,radio,"2.5.6. Dosage details for the newborn","1, Yes | 2, No",,,,,,[arv_newborns]='1',y,,,drug_details,,
intnew,core_catalogue_indicators_minimal_dataset,,radio,"2.5.7. Indication of treatment for the newborn","1, Yes | 2, No",,,,,,[arv_newborns]='1',y,,,drug_details,,
comment2,core_catalogue_indicators_minimal_dataset,,notes,"2.6.  Indicate from the section above the question(s) where both paper and digital were used in data collection",,,,,,,"[paper] = 1 and [digital] = 1",,LH,,,,
serology,core_catalogue_indicators_minimal_dataset,"<div class=""rich-text-field-label""><p style=""text-align: center;""><span style=""color: #e80f2e;"">Children Under One Year Infectious Disease</span></p></div>",radio,"3.1 Does the system record positive HIV serology in children within a year old from vertical transmission ","1, Yes | 2, No",,,,,,,y,,,,,
syphiis_serology,core_catalogue_indicators_minimal_dataset,,radio,"3.2. Does the system record positive syphilis serology in children within a year old from vertical transmission","1, Yes | 2, No",,,,,,,y,,,,,
hbsag,core_catalogue_indicators_minimal_dataset,,radio,"3.3. Does the system record HBsAg in children within a year old from vertical transmission ","1, Yes | 2, No",,,,,,,y,,,,,
infections,core_catalogue_indicators_minimal_dataset,,radio,"3.4. Does the system capture information on children presenting to a health facility with any sign of acute respiratory infection?","1, Yes | 2, No",,,,,,,y,,,,,
diagnostic_test,core_catalogue_indicators_minimal_dataset,"<div class=""rich-text-field-label""><p style=""text-align: center;""><span style=""color: #e80f2e;"">Newborn HIV status</span></p></div>",radio,"3.5. Does the system capture information on newborns who test positive with the malaria diagnostic test?","1, Yes | 2, No",,,,,,,y,,,,,
comment3,core_catalogue_indicators_minimal_dataset,,notes,"3.6. Indicate from the section above the question(s) where both paper and digital were used in data collection",,,,,,,"[paper] = 1 and [digital] = 1",,LH,,,,
maternal_ae,core_catalogue_indicators_minimal_dataset,"<div class=""rich-text-field-label""><p style=""text-align: center;""><span style=""color: #e80f2e;"">Maternal, Newborn and Child Health (MNCH) Drugs and Adverse Events</span></p></div>",radio,"4.1. Does the system record information on Maternal adverse events during pregnancy or delivery?","1, Yes | 2, No",,,,,,,y,,,,,
sevlorec,core_catalogue_indicators_minimal_dataset,"Specify the adverse event(s)
",radio,"4.1.1. Severe local reaction","1, Yes | 2, No",,,,,,[maternal_ae]='1',y,,,maternal_adverse_events,,
abscess,core_catalogue_indicators_minimal_dataset,,radio,"4.1.2. Abscess","1, Yes | 2, No",,,,,,[maternal_ae]='1',y,,,maternal_adverse_events,,
seizures,core_catalogue_indicators_minimal_dataset,,radio,"4.1.3. Seizures","1, Yes | 2, No",,,,,,[maternal_ae]='1',y,,,maternal_adverse_events,,
enceph,core_catalogue_indicators_minimal_dataset,,radio,"4.1.4. Encephalopathy","1, Yes | 2, No",,,,,,[maternal_ae]='1',y,,,maternal_adverse_events,,
fever,core_catalogue_indicators_minimal_dataset,,radio,"4.1.5. Fever","1, Yes | 2, No",,,,,,[maternal_ae]='1',y,,,maternal_adverse_events,,
toxss,core_catalogue_indicators_minimal_dataset,,radio,"4.1.6. Toxic shock syndrome","1, Yes | 2, No",,,,,,[maternal_ae]='1',y,,,maternal_adverse_events,,
throm,core_catalogue_indicators_minimal_dataset,,radio,"4.1.7. Thrombocytopenia","1, Yes | 2, No",,,,,,[maternal_ae]='1',y,,,maternal_adverse_events,,
anaph,core_catalogue_indicators_minimal_dataset,,radio,"4.1.8. Anaphylaxis","1, Yes | 2, No",,,,,,[maternal_ae]='1',y,,,maternal_adverse_events,,
other_ae,core_catalogue_indicators_minimal_dataset,,radio,"4.1.9. Other","1, Yes | 2, No",,,,,,[maternal_ae]='1',y,,,maternal_adverse_events,,
ae_oth,core_catalogue_indicators_minimal_dataset,,notes,"4.1.9.1. Specify the Other Adverse Event",,,,,,,"[other_ae] = 1",y,,,,,
newborn_ae,core_catalogue_indicators_minimal_dataset,,radio,"4.2. Does the system record information on Newborn adverse events?","1, Yes | 2, No",,,,,,,y,,,,,
sevlorec_2,core_catalogue_indicators_minimal_dataset,"Specify the adverse event(s)
",radio,"4.2.1. Severe local reaction","1, Yes | 2, No",,,,,,[newborn_ae]='1',y,,,newborn_adverse_events,,
abscess_2,core_catalogue_indicators_minimal_dataset,,radio,"4.2.2. Abscess","1, Yes | 2, No",,,,,,[newborn_ae]='1',y,,,newborn_adverse_events,,
seizures_2,core_catalogue_indicators_minimal_dataset,,radio,"4.2.3. Seizures","1, Yes | 2, No",,,,,,[newborn_ae]='1',y,,,newborn_adverse_events,,
enceph_2,core_catalogue_indicators_minimal_dataset,,radio,"4.2.4. Encephalopathy","1, Yes | 2, No",,,,,,[newborn_ae]='1',y,,,newborn_adverse_events,,
fever_2,core_catalogue_indicators_minimal_dataset,,radio,"4.2.5. Fever","1, Yes | 2, No",,,,,,[newborn_ae]='1',y,,,newborn_adverse_events,,
toxss_2,core_catalogue_indicators_minimal_dataset,,radio,"4.2.6. Toxic shock syndrome","1, Yes | 2, No",,,,,,[newborn_ae]='1',y,,,newborn_adverse_events,,
throm_2,core_catalogue_indicators_minimal_dataset,,radio,"4.2.7. Thrombocytopenia","1, Yes | 2, No",,,,,,[newborn_ae]='1',y,,,newborn_adverse_events,,
anaph_2,core_catalogue_indicators_minimal_dataset,,radio,"4.2.8. Anaphylaxis","1, Yes | 2, No",,,,,,[newborn_ae]='1',y,,,newborn_adverse_events,,
other_ae1,core_catalogue_indicators_minimal_dataset,,radio,"4.2.9. Other","1, Yes | 2, No",,,,,,[newborn_ae]='1',y,,,newborn_adverse_events,,
ae_oth2,core_catalogue_indicators_minimal_dataset,,notes,"4.2.9.1. Specify the Other Adverse Event",,,,,,,"[other_ae1] = 1",y,,,,,
dadmin,core_catalogue_indicators_minimal_dataset,"4.3. Does the system record any of the following details of the adverse event?",radio,"4.3.1. Date of product administration","1, Yes | 2, No",,,,,,"[maternal_ae]='1' or [newborn_ae]='1'",y,,,adverse_reaction_details,,
gestadmin,core_catalogue_indicators_minimal_dataset,,radio,"4.3.2. Gestational age at administration","1, Yes | 2, No",,,,,,"[maternal_ae]='1' or [newborn_ae]='1'",y,,,adverse_reaction_details,,
typep,core_catalogue_indicators_minimal_dataset,,radio,"4.3.3. Name and type of product (vaccine, drug etc)","1, Yes | 2, No",,,,,,"[maternal_ae]='1' or [newborn_ae]='1'",y,,,adverse_reaction_details,,
lotnum,core_catalogue_indicators_minimal_dataset,,radio,"4.3.4. Lot/batch/reference number","1, Yes | 2, No",,,,,,"[maternal_ae]='1' or [newborn_ae]='1'",y,,,adverse_reaction_details,,
sevreact,core_catalogue_indicators_minimal_dataset,,radio,"4.3.5. The seriousness  of adverse reaction (Death, Life threatening, hospitalization/prolonged hospitalization, disability, congenital anomaly)","1, Yes | 2, No",,,,,,"[maternal_ae]='1' or [newborn_ae]='1'",y,,,adverse_reaction_details,,
rid,core_catalogue_indicators_minimal_dataset,,radio,"4.3.6. Report ID number","1, Yes | 2, No",,,,,,"[maternal_ae]='1' or [newborn_ae]='1'",y,,,adverse_reaction_details,,
sdint,core_catalogue_indicators_minimal_dataset,,radio,"4.3.15. Specific drug interventions administered to newborns (e.g. ARVs, antimalarials, antibiotics etc)","1, Yes | 2, No",,,,,,"[maternal_ae]='1' or [newborn_ae]='1'",y,,,adverse_reaction_details,,
tadmin,core_catalogue_indicators_minimal_dataset,,radio,"4.3.16. Timing of administration post-birth","1, Yes | 2, No",,,,,,"[maternal_ae]='1' or [newborn_ae]='1'",y,,,adverse_reaction_details,,
oint,core_catalogue_indicators_minimal_dataset,,radio,"4.3.17. Other intervention (describe in detail)","1, Yes | 2, No",,,,,,"[maternal_ae]='1' or [newborn_ae]='1'",y,,,adverse_reaction_details,,
comments4,core_catalogue_indicators_minimal_dataset,,notes,"4.4. Indicate from the section above the question(s) where both paper and digital were used in data collection",,,,,,,"[paper] = 1 and [digital] = 1",,LH,,,,
drug_capture,core_catalogue_indicators_minimal_dataset,"<div class=""rich-text-field-label""><p style=""text-align: center;""><span style=""color: #e02d4a; font-size: 12pt;"">Information on drugs administration</span></p></div>",radio,"5. Does the system capture information on drugs  given?","1, Yes | 2, No",,,,,,,y,,,,,
manufacturer,core_catalogue_indicators_minimal_dataset,"Does the system record any of the following details of drug administration",radio,"5.1. Name of manufacturer","1, Yes | 2, No",,,,,,"[drug_capture] = 1",y,,,mg_547669,,
product_name,core_catalogue_indicators_minimal_dataset,,radio,"5.2. Product name","1, Yes | 2, No",,,,,,"[drug_capture] = 1",y,,,mg_547669,,
lot_number,core_catalogue_indicators_minimal_dataset,,radio,"5.3. Lot number","1, Yes | 2, No",,,,,,"[drug_capture] = 1",y,,,mg_547669,,
batchnum,core_catalogue_indicators_minimal_dataset,,radio,"5.4. Batch Number","1, Yes | 2, No",,,,,,"[drug_capture] = 1",y,,,mg_547669,,
expdate,core_catalogue_indicators_minimal_dataset,,radio,"5.5. Expiration date","1, Yes | 2, No",,,,,,"[drug_capture] = 1",y,,,mg_547669,,
other_drug_details,core_catalogue_indicators_minimal_dataset,,radio,"5.6. Other","1, Yes | 2, No",,,,,,"[drug_capture] = 1",y,,,mg_547669,,
drug_detail_oth,core_catalogue_indicators_minimal_dataset,,notes,"5.6.1. Please specify the Other (Details of Drug)",,,,,,,"[other_drug_details] = 1",y,,,,,
comment5,core_catalogue_indicators_minimal_dataset,,notes,"5.7. Indicate from the section above the question(s) where both paper and digital were used in data collection",,,,,,,"[paper] = 1 and [digital] = 1",,LH,,,,
poutcome,core_catalogue_indicators_minimal_dataset,"<div class=""rich-text-field-label""><p style=""text-align: center;""><span style=""color: #e80f2e;"">Maternal, Fetal & Newborn Outcome</span></p></div>",radio,"6. Does the system capture pregnancy outcomes at delivery?","1, Yes | 2, No",,,,,,,y,,,,,
lbirth,core_catalogue_indicators_minimal_dataset,"Indicate ""Yes"" for any of the outcomes below that apply and ""No"" if otherwise.",radio,"6.1. Live birth-term (>=37 to 44 weeks gestation)","1, Yes | 2, No",,,,,,[poutcome]='1',y,,,pregnancy_outcome,,
preterm,core_catalogue_indicators_minimal_dataset,,radio,"6.2. Live birth-Preterm (28 to < 37 weeks gestation)","1, Yes | 2, No",,,,,,[poutcome]='1',y,,,pregnancy_outcome,,
miscarriage,core_catalogue_indicators_minimal_dataset,,radio,"6.3. Miscarriage","1, Yes | 2, No",,,,,,[poutcome]='1',y,,,pregnancy_outcome,,
stillbirth,core_catalogue_indicators_minimal_dataset,,radio,"6.4. Stillbirth","1, Yes | 2, No",,,,,,[poutcome]='1',y,,,pregnancy_outcome,,
ectopic,core_catalogue_indicators_minimal_dataset,,radio,"6.5. Ectopic","1, Yes | 2, No",,,,,,[poutcome]='1',y,,,pregnancy_outcome,,
indabort,core_catalogue_indicators_minimal_dataset,,radio,"6.6. Induced abortion","1, Yes | 2, No",,,,,,[poutcome]='1',y,,,pregnancy_outcome,,
plossuns,core_catalogue_indicators_minimal_dataset,,radio,"6.7. Pregnancy loss unspecified","1, Yes | 2, No",,,,,,[poutcome]='1',y,,,pregnancy_outcome,,
other_outcome,core_catalogue_indicators_minimal_dataset,,radio,"6.8. Other","1, Yes | 2, No",,,,,,[poutcome]='1',y,,,pregnancy_outcome,,
outcome_oth,core_catalogue_indicators_minimal_dataset,,notes,"6.8.1. Specify the Other (Outcome)",,,,,,,"[other_outcome] = '1'",y,,,,,
fheight,core_catalogue_indicators_minimal_dataset,"Does the system capture information on the newborn assessment details below?",radio,"6.8. Fundal height","1, Yes | 2, No",,,,,,,y,,,newborn_details,,
bscore,core_catalogue_indicators_minimal_dataset,,radio,"6.9. Newborn physical examination -New Ballard score","1, Yes | 2, No",,,,,,,y,,,newborn_details,,
apscore,core_catalogue_indicators_minimal_dataset,,radio,"6.10. Apgar score","1, Yes | 2, No",,,,,,,y,,,newborn_details,,
pus,core_catalogue_indicators_minimal_dataset,,radio,"6.11. Prenatal ultrasounds","1, Yes | 2, No",,,,,,,y,,,newborn_details,,
ausfet,core_catalogue_indicators_minimal_dataset,,radio,"6.12. Auscultation for fetal heart tones","1, Yes | 2, No",,,,,,,y,,,newborn_details,,
bweight,core_catalogue_indicators_minimal_dataset,,radio,"6.13. Birth weight","1, Yes | 2, No",,,,,,,y,,,newborn_details,,
aswc,core_catalogue_indicators_minimal_dataset,,radio,"6.14. Assessment of weight category ( < 2500 g)","1, Yes | 2, No",,,,,,,y,,,newborn_details,,
weight1,core_catalogue_indicators_minimal_dataset,,radio,"6.15. Weight on day 1 or 2 of life (first 48H)","1, Yes | 2, No",,,,,,,y,,,newborn_details,,
other_asses,core_catalogue_indicators_minimal_dataset,,radio,"6.16. Other","1, Yes | 2, No",,,,,,,y,,,newborn_details,,
assessment_oth,core_catalogue_indicators_minimal_dataset,,notes,"6.16.1. Specify the Other (Assessment)",,,,,,,"[other_asses] = '1'",y,,,,,
alive,core_catalogue_indicators_minimal_dataset,,radio,"6.17. Does the system capture information on age of gestation at delivery?","1, Yes | 2, No",,,,,,,y,,,,,
signs,core_catalogue_indicators_minimal_dataset,,radio,"6.18. Does the system capture information on babies born with no signs of life at 28 weeks or more of gestation?","1, Yes | 2, No",,,,,,,y,,,,,
condef,core_catalogue_indicators_minimal_dataset,,radio,"6.19. Does the system capture information on congenital birth defects that requires ultrasound plus specialist expertise (limit to external and internal structural defects)?","1, Yes | 2, No",,,,,,,y,,,,,
viablilty,core_catalogue_indicators_minimal_dataset,,radio,"6.20. Does the system capture information on pregnancies that a woman has carried to viability - at least 20 weeks of pregnancy (Parity)?","1, Yes | 2, No",,,,,,,y,,,,,
spontaneous,core_catalogue_indicators_minimal_dataset,,radio,"6.21. Does the system capture information on spontaneous loss of a pregnancy before the 20th week of pregnancy?","1, Yes | 2, No",,,,,,,y,,,,,
comments6,core_catalogue_indicators_minimal_dataset,,notes,"6.22. Indicate from the section above the question(s) where both paper and digital were used in data collection",,,,,,,"[paper] = 1 and [digital] = 1",,LH,,,,
antuspp,core_catalogue_indicators_minimal_dataset,"<div class=""rich-text-field-label""><p style=""text-align: center;""><span style=""color: #e80f2e;"">Post-Partum Care</span></p></div>",radio,"7.1. Does the system capture any documentation of antibiotic use during postpartum care?","1, Yes | 2, No",,,,,,,y,,,,,
antusp_reas,core_catalogue_indicators_minimal_dataset,,radio,"7.2. Does the system capture the reason for antibiotic use during postpartum care?","1, Yes | 2, No",,,,,,[antuspp]='1',y,,,,,
comments7,core_catalogue_indicators_minimal_dataset,,notes,"7.3. Indicate from the section above the question(s) where both paper and digital were used in data collection",,,,,,,"[paper] = 1 and [digital] = 1",,LH,,,,
maternal_mortality,core_catalogue_indicators_minimal_dataset,"<div class=""rich-text-field-label""><p style=""text-align: center;""><span style=""color: #e80f2e;"">Mortality</span></p></div>",radio,"8.1. Does the system capture information on maternal deaths resulting from pregnancy?","1, Yes | 2, No",,,,,,,y,,,,,
neo_deaths,core_catalogue_indicators_minimal_dataset,,radio,"8.2. Does the system capture information on neonatal deaths resulting from pregnancy?","1, Yes | 2, No",,,,,,,y,,,,,
comments8,core_catalogue_indicators_minimal_dataset,,notes,"8.3. Indicate from the section above the question(s) where both paper and digital were used in data collection",,,,,,,"[paper] = 1 and [digital] = 1",,LH,,,,
mri,core_catalogue_indicators_minimal_dataset,"Capacity for tests/procedures

9. Does the system record any of these procedures done at this facility? ",radio,"9.1. MRI scan","1, Yes | 2, No | 9, NA",,,,,,,y,,,tests_procedures,,
ct,core_catalogue_indicators_minimal_dataset,,radio,"9.2. CT scan","1, Yes | 2, No | 9, NA",,,,,,,y,,,tests_procedures,,
bchem,core_catalogue_indicators_minimal_dataset,,radio,"9.3. Blood Chemistry","1, Yes | 2, No | 9, NA",,,,,,,y,,,tests_procedures,,
hem,core_catalogue_indicators_minimal_dataset,,radio,"9.4. Hematology","1, Yes | 2, No | 9, NA",,,,,,,y,,,tests_procedures,,
urin,core_catalogue_indicators_minimal_dataset,,radio,"9.5. Urinalysis","1, Yes | 2, No | 9, NA",,,,,,,y,,,tests_procedures,,
xray,core_catalogue_indicators_minimal_dataset,,radio,"9.6. X-ray","1, Yes | 2, No | 9, NA",,,,,,,y,,,tests_procedures,,
comm_2,core_catalogue_indicators_minimal_dataset,,notes,"10. General Comments (This is to provide the needed clarification on any field during this data collection)",,,,,,,,,LH,,,,
dec_3,core_catalogue_indicators_minimal_dataset,,text,"11. Data collected by ",,,,,,,,y,LH,,,,
dcomp_2,core_catalogue_indicators_minimal_dataset,,text,"12.  Date and time of form completion",,,datetime_seconds_dmy,,,,,y,,,,,
dec_4,core_catalogue_indicators_minimal_dataset,,text,"13. Data reviewed by ",,,,,,,,y,LH,,,,
dchecek_2,core_catalogue_indicators_minimal_dataset,,text,"14. Date and time of form review",,,datetime_seconds_dmy,,,,,y,,,,,
intro_tech_qstn,technical_questions_for_each_system,,descriptive,"This section of the survey seeks your input on several key areas, including how user-friendly and accessible the system is, how data is governed and managed, the procedures and safeguards in place for data sharing, and the overall quality and completeness of the data collected.
",,,,,,,,,,,,,
it_person,technical_questions_for_each_system,,radio,"1. Is there an IT person or any person familiar with the technical specifications of the system available at this facility?","1, Yes | 2, No",,,,,,,y,,,,,
sdate_3,technical_questions_for_each_system,,text,"Start date and time",,,datetime_seconds_dmy,,,,[it_person]='1',y,,,,,
role_3,technical_questions_for_each_system,,checkbox,"Role on system or Position in the facility","1, Health Records Officer | 2, Data clerk | 3, Facility Nurse | 4, Clinician | 5, System Administrator | 6, Community health nurse/promoter | 7, Facility In-Charge | 8, Midwife | 9, Data Manager | 10, IT Officer | 11, Other",,,,,,[it_person]='1',y,,,,,
ohtsp_3,technical_questions_for_each_system,,text," Specify other role or position in the facility",,,,,,,"[role_3(11)] = '1'",y,,,,,
length_3,technical_questions_for_each_system,,radio,"Length of experience with the system","1, 0-3 months | 2, 3 month to a year | 3, >1 year",,,,,,[it_person]='1',y,,,,,
system,technical_questions_for_each_system,"<div class=""rich-text-field-label""><p style=""text-align: center;""><span style=""color: #e03e2d; font-size: 18pt;"">Optional questions for a technical person (low-priority)</span></p></div>",radio,"1.1. What type of system is used?","1, Proprietary | 2, Open Source | 3, In-house",,,,,,[it_person]='1',,,,,,
storge,technical_questions_for_each_system,,radio,"1.2. Data Storage","1, SQL database | 2, NoSQL database | 3, Flat file",,,,,,[it_person]='1',,,,,,
access,technical_questions_for_each_system,,radio,"1.3. Data Access and integration","1, Web Access or mobile access without offline capabilities | 2, Mobile Access with offline capabilities | 3, API connection",,,,,,[it_person]='1',,,,,,
network,technical_questions_for_each_system,,radio,"1.4. Network Architecture","1, Standalone system | 2, Local Client Server | 3, Cloud system",,,,,,[it_person]='1',,,,,,
dtrans,technical_questions_for_each_system,,radio,"1.5. Data Transmission methods","1, Manual (includes flash drive, email etc) | 2, Automated (API, inter-database connection)",,,,,,[it_person]='1',,,,,,
dsecurity,technical_questions_for_each_system,"1.6. Data Security Measures",radio,"1.6.1, Password protection","1, Yes | 2, No",,,,,,[it_person]='1',y,,,mg_279e1c,,
dataencr,technical_questions_for_each_system,,radio,"1.6.2, Data encryption","1, Yes | 2, No",,,,,,[it_person]=1,y,,,mg_279e1c,,
multi,technical_questions_for_each_system,,radio,"1.6.3, Multiple User Access","1, Yes | 2, No",,,,,,[it_person]=1,y,,,mg_279e1c,,
other_security,technical_questions_for_each_system,,radio,"1.6.4. Other","1, Yes | 2, No",,,,,,[it_person]=1,y,,,mg_279e1c,,
dsecurity_oth,technical_questions_for_each_system,,text,"1.6.4.1. Please specify the Other (Data Security Measures)",,,,,,,"[other_security] = 1",y,,,,,
password,technical_questions_for_each_system,"                                        <h3 style=""color: crimson;"">Data Governance and Management</h3>

2.1. Which of the following data security and confidentiality features does the data system use? 
Answer ""Yes"" for all systems in place and ""No"" if otherwise.

",radio,"2.1.1. Password","1, Yes | 2, No",,,,,,[it_person]='1',y,,,data_security,,
encryption,technical_questions_for_each_system,,radio,"2.1.2. Encryption","1, Yes | 2, No",,,,,,[it_person]='1',y,,,data_security,,
accontrol,technical_questions_for_each_system,,radio,"2.1.3. Access Control","1, Yes | 2, No",,,,,,[it_person]='1',y,,,data_security,,
physec,technical_questions_for_each_system,,radio,"2.1.4. Physical Security","1, Yes | 2, No",,,,,,[it_person]='1',y,,,data_security,,
other_feature,technical_questions_for_each_system,,radio,"2.1.5. Other","1, Yes | 2, No",,,,,,[it_person]='1',y,,,data_security,,
security_features_oth,technical_questions_for_each_system,,text,"2.1.5.1. Please specify the Other( Data Security and Confidentiality features)",,,,,,,"[other_feature] = 1",y,,,,,
data_reg,technical_questions_for_each_system,,radio,"2.2. Does the facility/site comply with applicable data management regulations (e.g. Country-specific e.g. KDPA, GDPR etc)","1, Yes | 2, No",,,,,,[it_person]='1',y,,,,,
pseudoanonymised,technical_questions_for_each_system,"2.3. Level of data privacy",radio,"2.3.1. De-identified/Pseudoanonymised","1, Yes | 2, No",,,,,,[it_person]='1',y,,,data_privacy,,
anonymised,technical_questions_for_each_system,,radio,"2.3.2. Anonymised","1, Yes | 2, No",,,,,,[it_person]='1',y,,,data_privacy,,
other_prvcy,technical_questions_for_each_system,,radio,"2.3.3. Other","1, Yes | 2, No",,,,,,[it_person]='1',y,,,data_privacy,,
data_privacy_oth,technical_questions_for_each_system,,text,"2.3.3.1. Please specify the Other (Data privacy)",,,,,,,"[other_prvcy] = 1",y,,,,,
backup,technical_questions_for_each_system,,radio,"2.4. Are there backup and recovery policies","1, Yes | 2, No",,,,,,[it_person]='1',y,,,,,
backup_freq,technical_questions_for_each_system,,radio,"2.4.1. Frequency of the backup","1, Realtime | 2, Daily | 3, Weekly | 4, Monthly | 5, Quarterly | 6, Other",,,,,,"[backup] = 1",,,,,,
other_freq,technical_questions_for_each_system,,text,"2.4.1.1. Please specify ",,,,,,,"[backup_freq] = 6",,,,,,
trained,technical_questions_for_each_system,,radio,"2.5.Are staff trained on  IT security and data protection?","1, Yes | 2, No",,,,,,[it_person]='1',y,,,,,
dsharing,technical_questions_for_each_system,"<div class=""rich-text-field-label""><p style=""text-align: center;""><span style=""color: #e03e2d; font-size: 24pt;"">Data Sharing</span></p></div>",radio,"3.1. Is the data generated from this system shared?","1, Yes | 2, No",,,,,,[it_person]='1',y,,,,,
hospd,technical_questions_for_each_system,"3.2. Who is this data shared with?",radio,"3.2.1. Hospital departments","1, Yes | 2, No",,,,,,[dsharing]=1,y,,,mg_664f6e,,
coun,technical_questions_for_each_system,,radio,"3.2.2. County","1, Yes | 2, No",,,,,,[dsharing]=1,y,,,mg_664f6e,,
car,technical_questions_for_each_system,,radio,"3.2.3. Other hospitals for patient care","1, Yes | 2, No",,,,,,[dsharing]=1,y,,,mg_664f6e,,
rescom,technical_questions_for_each_system,,radio,"3.2.4. Research Community","1, Yes | 2, No",,,,,,[dsharing]=1,y,,,mg_664f6e,,
dist,technical_questions_for_each_system,,radio,"3.2.5. District Health Management Teams","1, Yes | 2, No",,,,,,[dsharing]=1,y,,,mg_664f6e,,
minishea,technical_questions_for_each_system,,radio,"3.2.6. Ministry of Health","1, Yes | 2, No",,,,,,[dsharing]=1,y,,,mg_664f6e,,
other_shared,technical_questions_for_each_system,,radio,"3.2.7. Other","1, Yes | 2, No",,,,,,[dsharing]=1,y,,,mg_664f6e,,
data_shared_oth,technical_questions_for_each_system,,text,"3.2.7.1. Please specify the Other (Data Shared)",,,,,,,"[other_shared] = 1",y,,,,,
sharefreq_1,technical_questions_for_each_system,"3.3. How often is the data shared? ",radio,"3.3.1. On request","1, Yes | 2, No",,,,,,"[dsharing] = 1",y,,,data_sharing,,
sharefreq_2,technical_questions_for_each_system,,radio,"3.3.2. Routinely","1, Yes | 2, No",,,,,,"[dsharing] = 1",y,,,data_sharing,,
hadrive,technical_questions_for_each_system,"3.4.. How is the data shared?",radio,"3.4.1. Hard drive","1, Yes | 2, No",,,,,,[dsharing]=1,y,,,mg_10ec95,,
intesys,technical_questions_for_each_system,,radio,"3.4,2. Integrated systems","1, Yes | 2, No",,,,,,[dsharing]=1,y,,,mg_10ec95,,
via,technical_questions_for_each_system,,radio,"3.4.3. Via email","1, Yes | 2, No",,,,,,[dsharing]=1,y,,,mg_10ec95,,
whatsapp,technical_questions_for_each_system,,radio,"3.4.4, Via Whatsapp","1, Yes | 2, No",,,,,,[dsharing]=1,y,,,mg_10ec95,,
text,technical_questions_for_each_system,,radio,"3.4.5. Via text","1, Yes | 2, No",,,,,,[dsharing]=1,y,,,mg_10ec95,,
online,technical_questions_for_each_system,,radio,"3.4.6. Online drive like dropbox, etc.","1, Yes | 2, No",,,,,,[dsharing]=1,y,,,mg_10ec95,,
other_shared_meth,technical_questions_for_each_system,,radio,"3.4.7. Other","1, Yes | 2, No",,,,,,[dsharing]=1,y,,,mg_10ec95,,
hw_data_shared_oth,technical_questions_for_each_system,,text,"3.4.7.1. Please specify the Other (How is the data shared)",,,,,,,"[other_shared_meth]  = 1",y,,,,,
protocol,technical_questions_for_each_system,,radio,"3.5. Is there a data sharing protocol?","1, Yes | 2, No",,,,,,[dsharing]='1',y,,,,,
checarr,technical_questions_for_each_system,"<div class=""rich-text-field-label""><p style=""text-align: center;""><span style=""color: #e03e2d; font-size: 24pt;"">Data quality</span></p></div>",radio,"4.1. Are routine data quality checks carried out?","1, Yes | 2, No",,,,,,[it_person]=1,y,,,,,
dataq_freq,technical_questions_for_each_system,,radio,"4.2. How often?","1, Weekly | 2, Monthly | 3, Bi-annual | 4, Other",,,,,,[checarr]='1',y,,,,,
dshare_other,technical_questions_for_each_system,,text,"4.2.1. Specify how often data quality checks are carried out. ",,,,,,,"[dataq_freq] = '4'",,,,,,
dqa_review,technical_questions_for_each_system,,notes,"4.3. Describe the review process and indicate the participants of the review process",,,,,,,[checarr]=1,y,LH,,,,
dqa_issues,technical_questions_for_each_system,,notes,"4.4. How are data quality issues addressed?",,,,,,,[checarr]=1,y,LH,,,,
mnch,technical_questions_for_each_system,,radio,"4.5. How often are MNCH indicators reviewed?","1, Monthly | 2, Weekly | 3, Routinely | 4, Never | 5, Other",,,,,,[checarr]='1',y,,,,,
mcnh_other,technical_questions_for_each_system,,text,"4.5.1. Specify how often data are MNCH indicators reviewed?",,,,,,,"[mnch] = '5'",,,,,,
pre,technical_questions_for_each_system,"4.6. How are the quality checks carried out?",radio,"4.6.1. Pre-programmed (inbuilt validation checks)","1, Yes | 2, No",,,,,,[checarr]=1,y,,,mg_7acb23,,
data,technical_questions_for_each_system,,radio,"4.6.2. Data quality checks (From extracted data)","1, Yes | 2, No",,,,,,[checarr]=1,y,,,mg_7acb23,,
visual,technical_questions_for_each_system,,radio,"4.6.3. Visual verification (Source document verification)","1, Yes | 2, No",,,,,,[checarr]=1,y,,,mg_7acb23,,
other_checks,technical_questions_for_each_system,,radio,"4.6.4. Other","1, Yes | 2, No",,,,,,[checarr]=1,y,,,mg_7acb23,,
checks_oth,technical_questions_for_each_system,,text,"4.6.4.1. Please specify the Other(Checks)",,,,,,,"[other_checks] = 1",y,,,,,
assurance,technical_questions_for_each_system,,radio,"4.7. Are staff trained on data quality assurance?","1, Yes | 2, No",,,,,,[checarr]='1',y,,,,,
data_refresh,technical_questions_for_each_system,,radio,"4.8. How often is the data refreshed?","1, Real-time | 2, Daily | 3, Weekly | 4, Monthly | 5, Quarterly | 6, Annually",,,,,,[it_person]='1',y,,,,,
consented,technical_questions_for_each_system,"<div class=""rich-text-field-label""><p style=""text-align: center;""><span style=""font-size: 24pt; color: #e03e2d;"">Patient/participant consenting</span></p></div>",radio,"5.1. Are patients or participants consented before data capture?","1, Yes | 2, No",,,,,,[it_person]=1,y,,,,,
verbal,technical_questions_for_each_system,"5.2. Mode of consenting",radio,"5.2.1. Verbal","1, Yes | 2, No",,,,,,[consented]='1',y,,,mode_of_consenting,,
written,technical_questions_for_each_system,,radio,"5.2.2. Written","1, Yes | 2, No",,,,,,[consented]='1',y,,,mode_of_consenting,,
system_integrated,technical_questions_for_each_system,,radio,"5.2.3. System integrated","1, Yes | 2, No",,,,,,[consented]='1',y,,,mode_of_consenting,,
other_consent_mode,technical_questions_for_each_system,,radio,"5.2.4. Other","1, Yes | 2, No",,,,,,[consented]='1',y,,,mode_of_consenting,,
consent_mode_oth,technical_questions_for_each_system,,text,"5.2.4.1. Please specify the Other (Consent Mode)",,,,,,,"[other_consent_mode] = 1",y,,,,,
dreuse,technical_questions_for_each_system,,radio,"5.3. Consent for data reuse obtained?","1, Yes | 2, No",,,,,,[consented]='1',y,,,,,
sreuse,technical_questions_for_each_system,,radio,"5.4. Consent for sample reuse obtained? ","1, Yes | 2, No | 99, Not applicable",,,,,,[consented]='1',y,,,,,
samretype,technical_questions_for_each_system,,text,"5.4.1. Indicate the type of sample",,,,,,,[sreuse]='1',y,,,,,
dtransfer,technical_questions_for_each_system,,radio,"5.5. Consent for data transfer?","1, Yes | 2, No | 99, Not applicable",,,,,,[consented]='1',y,,,,,
stransfer,technical_questions_for_each_system,,radio,"5.6. Consent for sample transfer?","1, Yes | 2, No | 99, Not applicable",,,,,,[consented]='1',y,,,,,
local,technical_questions_for_each_system,"5.6. Data storage",radio,"5.6.1. Local","1, Yes | 2, No",,,,,,[it_person]=1,y,,,data_storage,,
cloud,technical_questions_for_each_system,,radio,"5.6.2. Cloud","1, Yes | 2, No",,,,,,[it_person]=1,y,,,data_storage,,
back_up,technical_questions_for_each_system,,radio,"5.7. Routine data  back up","1, Yes | 2, No",,,,,,[it_person]=1,y,,,,,
mobile_phone,technical_questions_for_each_system,"5.8. Device for data capture",radio,"Mobile phone","1, Yes | 2, No",,,,,,[it_person]=1,y,,,decapture,,
laptop,technical_questions_for_each_system,,radio,Laptop,"1, Yes | 2, No",,,,,,[it_person]=1,y,,,decapture,,
tablet,technical_questions_for_each_system,,radio,Tablet,"1, Yes | 2, No",,,,,,[it_person]=1,y,,,decapture,,
paper_capture,technical_questions_for_each_system,,radio,Paper,"1, Yes | 2, No",,,,,,[it_person]=1,y,,,decapture,,
mode_entry,technical_questions_for_each_system,,radio,"5. 9. Mode of data entry ","1, Online | 2, Offline | 3, Both",,,,,,"[mobile_phone]=1 or [laptop]=1 or [tablet]=1",y,,,,,
ids,technical_questions_for_each_system,"<div class=""rich-text-field-label""><p style=""text-align: center;""><span style=""color: #e03e2d; font-size: 24pt;"">Interoperabilty and record linkage</span><br><span style=""color: #e03e2d; font-size: 24pt;"">Patient/Participant identifiers for linkage</span></p></div>",radio,"6.1. How are unique patient/participant IDs assigned to patient/participant?","1, Manual | 2, System generated | 3, Both",,,,,,[it_person]=1,y,,,,,
standard_acr,technical_questions_for_each_system,,radio,"6. 2. Is the patient/participant ID standard across all hospital departments (antenatal, maternity, neonatal, paediatric wards)?","1, Yes | 2, No",,,,,,[it_person]=1,y,,,,,
opdcare,technical_questions_for_each_system,"Is the unique patient identifier also used for the following?:",radio,"6.2.1. Outpatient care","1, Yes | 2, No | 99, NA",,,,,,[standard_acr]='1',y,,,unique_id,,
lab_id,technical_questions_for_each_system,,radio,"6.2.2. Laboratory","1, Yes | 2, No | 99, NA",,,,,,[standard_acr]='1',y,,,unique_id,,
imagine,technical_questions_for_each_system,,radio,"6.2.3. Imaging","1, Yes | 2, No | 99, NA",,,,,,[standard_acr]='1',y,,,unique_id,,
immun,technical_questions_for_each_system,,radio,"6.2.4. Immunization","1, Yes | 2, No | 99, NA",,,,,,[standard_acr]='1',y,,,unique_id,,
other_id,technical_questions_for_each_system,,radio,"6.2.5. Other","1, Yes | 2, No | 99, NA",,,,,,[standard_acr]='1',y,,,unique_id,,
unit_oth,technical_questions_for_each_system,,text,"6.2.5.1. Specify other unit",,,,,,,[other_id]='1',y,,,,,
idcapture,technical_questions_for_each_system,,radio,"6.3. Is the national ID captured to identify a patient at the hospital?","1, Yes | 2, No",,,,,,[it_person]=1,y,,,,,
dob,technical_questions_for_each_system,,radio,"6.4. Are names and dates of birth captured in each clinic visit?","1, Yes | 2, No",,,,,,[it_person]=1,y,,,,,
link_uni,technical_questions_for_each_system,,radio,"6.5. Can you link mother's unique identifier to child's unique identifier/Does newborn data have a mother's ID?","1, Yes | 2, No",,,,,,[it_person]=1,y,,,,,
pid,technical_questions_for_each_system,,radio,"6. 6.Can a patient ID used at one hospital be used in another hospital for care?","1, Yes | 2, No",,,,,,[it_person]=1,y,,,,,
link_pid,technical_questions_for_each_system,,radio,"6.7. Can you link a patient to other services outside the hospital (e.g. community)","1, Yes | 2, No",,,,,,[it_person]=1,y,,,,,
cha_linking,technical_questions_for_each_system,,radio,"6. 8. Are there challenges in linking records across different facilities or care providers?","1, Yes | 2, No",,,,,,[it_person]=1,y,,,,,
id_not_captured,technical_questions_for_each_system,"6.9. Which challeges are you facing?",radio,"6.9.1. ID is not captured","1, Yes | 2, No",,,,,,[cha_linking]='1',y,,,challenge_facing,,
incom_linkage_id,technical_questions_for_each_system,,radio,"6.9.2. Incomplete linkage IDs","1, Yes | 2, No",,,,,,[cha_linking]='1',y,,,challenge_facing,,
id_not_standardized,technical_questions_for_each_system,,radio,"6.9.3. IDs are not standardized across facilities","1, Yes | 2, No",,,,,,[cha_linking]='1',y,,,challenge_facing,,
error_name_entry,technical_questions_for_each_system,,radio,"6.9.4. Errors in name entry","1, Yes | 2, No",,,,,,[cha_linking]='1',y,,,challenge_facing,,
other_challenge_facing,technical_questions_for_each_system,,radio,"6.9.5. Other","1, Yes | 2, No",,,,,,[cha_linking]='1',y,,,challenge_facing,,
des,technical_questions_for_each_system,,notes,"6.9.1. Describe the other challenge",,,,,,,"[other_challenge_facing] = '1'",y,LH,,,,
imm_reg,technical_questions_for_each_system,,radio,"7.1. Is it possible to integrate MNCH individual data with other registries e.g. electronic immunization registries ? ","1, Yes | 2, No",,,,,,[it_person]=1,y,,,,,
spreg1,technical_questions_for_each_system,,text,"7.1.1. Specify the registry 1",,,,,,,[imm_reg]='1',y,,,,,
spreg2,technical_questions_for_each_system,,text,"7.1.2. Specify the registry 2",,,,,,,[imm_reg]='1',,,,,,
spreg3,technical_questions_for_each_system,,text,"7.1.3. Specify the registry 3",,,,,,,[imm_reg]='1',,,,,,
mnch_data,technical_questions_for_each_system,,radio,"7.2. For any MNCH data capture systems, are they actively integrated?","1, Yes | 2, No",,,,,,[it_person]=1,y,,,,,
spysysint1,technical_questions_for_each_system,,text,"7.2.1. Specify system integrated 1",,,,,,,[mnch_data]='1',y,,,,,
spysysint2,technical_questions_for_each_system,,text,"7.2.2. Specify system integrated 2",,,,,,,[mnch_data]='1',,,,,,
spysysint3,technical_questions_for_each_system,,text,"7.2.3. Specify system integrated 3",,,,,,,[mnch_data]='1',,,,,,
mnhcdasys,technical_questions_for_each_system,,radio,"7.3. Are MNCH data systems integrated with community systems (e.g. DSS)","1, Yes | 2, No",,,,,,[it_person]=1,y,,,,,
comm_3,technical_questions_for_each_system,,notes,"8. Comments (This is to provide the needed clarification on any field during this data collection)",,,,,,,[it_person]='1',,LH,,,,
dec_5,technical_questions_for_each_system,,text,"9. Data collected by ",,,,,,,,y,LH,,,,
dcomp_3,technical_questions_for_each_system,,text,"10.  Date and time of form completion",,,datetime_seconds_dmy,,,,,y,,,,,
dec_6,technical_questions_for_each_system,,text,"11. Data reviewed by ",,,,,,,,y,LH,,,,
dchecek_3,technical_questions_for_each_system,,text,"12. Date and time of form review",,,datetime_seconds_dmy,,,,,y,,,,,
